{
  "mse": 13793783.486375017,
  "rmse": 3713.998315343589,
  "mae": 1719.7647173333337,
  "r2_score": 0.9315315143645989,
  "mape": 32.4776399061806
}